Channel,Vertical,Status,Cascade_Line,AFU,Daily_Volume_USDT,Monthly_Volume_USDT,Comments
Payinextra,Betting,Discontinued early August,L1,Yes,N/A,30000,Carried majority of Turkey volume while active; low fee and low limits; stopped working in early August
BigIdea,Betting,Live,L1,Yes,0,0,Traffic not launched
Prime,Betting,Live,L1,Yes,1080,30000,
Favori,Betting,Live,L1,Yes,0,0,Traffic not launched
Corytech,Betting,Live,L1,Yes,0,0,Traffic not launched
E4A,Betting,Live,L2,Yes,81,2100,
Astrum,Betting,Live,L2,Yes,0,0,Traffic not launched
Astrum,Forex,Live,L1,Yes,0,0,Traffic not launched
Corytech,Adult,Terminal being issued,L1,No,N/A,N/A,Not yet enabled in AFU
